proposal_id,source_scenario_id,source_group_id,source_transcript_hash,source_dataset,source_label,proxy_risk_score,field_type,confidence,evidence_length,mention_count,has_conflict,has_negation,parse_success,needs_review
f2-review-sale_price-01,f2-sell-request-safe-0037,sell-safe-blueprint-0037,583a22e08e6f47485c7e1d4f389c0288f7a8ad4a04074d1699fe3773a8e6cad9,f2_sllm_blueprint,매도의뢰,2.003345,sale_price,0.74133,32,2,1,0,1,0
f2-review-sale_price-02,f2-sell-request-safe-0018,sell-safe-blueprint-0018,5f3004978cf03a6964d070055d439d26d40120de744fc663b601b6d98dd44412,f2_sllm_blueprint,매도의뢰,3.494134,sale_price,0.692532,45,4,1,0,1,1
f2-review-sale_price-03,f2-buy-request-safe-0049,buy-safe-blueprint-0049,f29a7303e0097333a3491e103afeef22ec90218d97d1c7f4e8959327adce5232,f2_sllm_blueprint,매수문의,3.787382,sale_price,0.503428,32,2,1,0,0,1
f2-review-sale_price-04,f2-sell-request-safe-0046,sell-safe-blueprint-0046,d6225f45b102cec427bd0c970f03da255abb792c8ff634ced32a1241b1f237b6,f2_sllm_blueprint,매도의뢰,2.281417,sale_price,0.728949,20,2,1,0,1,0
f2-review-sale_price-05,f2-sell-request-safe-0010,sell-safe-blueprint-0010,1fac99cd50c9592a6022c463b77116f18b8c5393b4b172230f19d44c691794bc,f2_sllm_blueprint,매도의뢰,2.543787,sale_price,0.678824,36,3,1,0,1,0
f2-review-sale_price-06,f2-sell-request-safe-0021,sell-safe-blueprint-0021,470065d3ad1a5476b23210615a0263bddb03ccd10984aed803cb0aac27e52b8d,f2_sllm_blueprint,매도의뢰,3.419111,sale_price,0.701558,26,4,1,0,1,1
f2-review-sale_price-07,f2-sell-request-safe-0041,sell-safe-blueprint-0041,78fb4a69328bf2b7fa6418d4baf8ec7101e568baeae15f4e0948f89a59f58319,f2_sllm_blueprint,매도의뢰,3.22529,sale_price,0.684622,34,3,1,0,1,0
f2-review-sale_price-08,f2-sell-request-safe-0013,sell-safe-blueprint-0013,fde9d9ce50e65da956cc9014d52884cb0de25964df073a84fc46672864193612,f2_sllm_blueprint,매도의뢰,2.473796,sale_price,0.712726,19,3,1,0,1,0
f2-review-sale_price-09,f2-buy-request-safe-0012,buy-safe-blueprint-0012,cc3c21f7ee0b78ef891c02b3131cfa51758a291a65b9736acab4328669ac57ae,f2_sllm_blueprint,매수문의,4.982766,sale_price,0.565813,38,2,1,1,0,1
f2-review-sale_price-10,f2-co-brokerage-safe-0001,co-brokerage-safe-blueprint-0001,8cec54355e888a916847d4504d4036bdbdce4f273bd4360b085779a31e2a49eb,f2_sllm_blueprint,공동중개,4.579543,sale_price,0.701492,47,2,1,0,0,1
f2-review-sale_price-11,f2-buy-request-safe-0032,buy-safe-blueprint-0032,c9fd1dc3707059e072a8da765cdecf7e4081648c994e2bff8ba9c273b72e5bf0,f2_sllm_blueprint,매수문의,3.757555,sale_price,0.62706,26,2,1,0,0,1
f2-review-sale_price-12,f2-buy-request-safe-0039,buy-safe-blueprint-0039,9eeee2b41b75bae7aec7ac316b4b6873ff0d91a0edbaab9b0a6e3c7a4d7ec330,f2_sllm_blueprint,매수문의,3.314759,sale_price,0.765578,42,1,1,0,0,0
f2-review-sale_price-13,f2-sell-request-safe-0029,sell-safe-blueprint-0029,eac57408bd6d5f20e61ee12d506af1e095c99efd4d35cd3ac6276e49c624afb3,f2_sllm_blueprint,매도의뢰,2.776719,sale_price,0.650017,17,3,1,0,1,0
f2-review-sale_price-14,f2-co-brokerage-safe-0043,co-brokerage-safe-blueprint-0043,e29d248854e7fb9d7bb708563921d66cdefa4056a5b323592565b2b8340a7242,f2_sllm_blueprint,공동중개,4.773382,sale_price,0.677262,47,2,1,0,0,1
f2-review-sale_price-15,f2-sell-request-safe-0035,sell-safe-blueprint-0035,5a43fb3aac6c84fee433e189a96c9505f3a392bea0052866fa3b2290cc7cf885,f2_sllm_blueprint,매도의뢰,2.933005,sale_price,0.708891,42,3,1,0,1,0
f2-review-jeonse_deposit-01,f2-sell-request-safe-0004,sell-safe-blueprint-0004,5a1603b12f18749442da92c8f7ba36a65f8e2d3d27dedaf062e7bcaa04456fcd,f2_sllm_blueprint,매도의뢰,3.527924,jeonse_deposit,0.789915,45,2,1,0,0,1
f2-review-jeonse_deposit-02,f2-sell-request-safe-0047,sell-safe-blueprint-0047,63b6b0e01cc09ff14c06439f2462f02551ccaa849777fa1b86e2a12e5170ae24,f2_sllm_blueprint,매도의뢰,2.626894,jeonse_deposit,0.644143,42,3,1,0,1,0
f2-review-jeonse_deposit-03,f2-sell-request-safe-0011,sell-safe-blueprint-0011,9219020bfbfe5d766646e5cacddaa852a6dca5a187773eaf1cef07b5fb435b01,f2_sllm_blueprint,매도의뢰,3.848903,jeonse_deposit,0.723119,19,1,1,0,0,1
f2-review-jeonse_deposit-04,f2-sell-request-safe-0032,sell-safe-blueprint-0032,7254948d7c2dae99eb4ca633587149fc3576c39d89eca6ea1d707c3a73115cd0,f2_sllm_blueprint,매도의뢰,1.481898,jeonse_deposit,0.812024,24,1,0,0,0,0
f2-review-jeonse_deposit-05,f2-sell-request-safe-0009,sell-safe-blueprint-0009,151eb7604baff3b953d9a7856e59dff4a3908f28706c1164a791baad36c8fbca,f2_sllm_blueprint,매도의뢰,3.183135,jeonse_deposit,0.622286,29,3,1,0,1,1
f2-review-jeonse_deposit-06,f2-buy-request-safe-0020,buy-safe-blueprint-0020,85d238ec43f49ad8953d40495815cecc362ff4b272bee136fcdc0408c51c5f5c,f2_sllm_blueprint,매수문의,5.456048,jeonse_deposit,0.592028,47,2,1,1,0,1
f2-review-jeonse_deposit-07,f2-sell-request-safe-0050,sell-safe-blueprint-0050,735bfc6a57460ae975cc91d9280a4fa697bda56bb241cbbff86c79be8329890f,f2_sllm_blueprint,매도의뢰,1.934428,jeonse_deposit,0.773414,25,1,0,0,0,0
f2-review-jeonse_deposit-08,f2-sell-request-safe-0002,sell-safe-blueprint-0002,e2ab4dc2e3168fddff7b17e025e3337aa1bbc0e8b633c0225bd17cefb1e3a464,f2_sllm_blueprint,매도의뢰,4.030205,jeonse_deposit,0.648168,31,2,1,0,0,1
f2-review-jeonse_deposit-09,f2-sell-request-safe-0040,sell-safe-blueprint-0040,0a6ab9d6fa4c0b9c31e7a59897e1e9778fd1aa8849a749811c057741d39f0b62,f2_sllm_blueprint,매도의뢰,2.796258,jeonse_deposit,0.741,19,3,1,0,1,0
f2-review-jeonse_deposit-10,f2-sell-request-safe-0044,sell-safe-blueprint-0044,1d4029507647bbd9e41a5eead72eda1259dbe1e6978b5fc96ccc464ce3c084db,f2_sllm_blueprint,매도의뢰,1.688605,jeonse_deposit,0.867524,25,1,0,0,0,0
f2-review-jeonse_deposit-11,f2-sell-request-safe-0016,sell-safe-blueprint-0016,3f466302864c9df8ade47faa448e4042fe6fe451dbc00a3ce00c90990e125ff5,f2_sllm_blueprint,매도의뢰,3.020474,jeonse_deposit,0.700238,59,3,1,0,1,1
f2-review-jeonse_deposit-12,f2-sell-request-safe-0036,sell-safe-blueprint-0036,f5202961b25f7949ec5ab9746dd927cdb4072c2031e4f19d90aba6ba6d14519a,f2_sllm_blueprint,매도의뢰,2.932117,jeonse_deposit,0.577999,19,3,1,0,1,0
f2-review-jeonse_deposit-13,f2-sell-request-safe-0005,sell-safe-blueprint-0005,8de64357ae23808b5b1e1b175513c701650bb24b102cdb72f0c9392d3e45ba92,f2_sllm_blueprint,매도의뢰,1.602245,jeonse_deposit,0.787074,21,1,0,0,0,0
f2-review-jeonse_deposit-14,f2-sell-request-safe-0028,sell-safe-blueprint-0028,148bb0fed05afc5e82a2ab86a6f7cf9d3882b3dd4b889d50f12537d2a73295cc,f2_sllm_blueprint,매도의뢰,2.321749,jeonse_deposit,0.80074,19,1,0,0,0,0
f2-review-jeonse_deposit-15,f2-sell-request-safe-0024,sell-safe-blueprint-0024,dadb26786b8a52792b86ae0b4d4a2c9440652c607762e12fa1f6edfbed19dc90,f2_sllm_blueprint,매도의뢰,4.000114,jeonse_deposit,0.619392,24,1,1,0,0,1
f2-review-monthly_rent-01,f2-sell-request-safe-0042,sell-safe-blueprint-0042,6745f99d31be54232055b70d34b6f3d3d47c8908b2d47553b0ba41e26d3cb7fc,f2_sllm_blueprint,매도의뢰,2.528392,monthly_rent,0.602199,30,2,1,0,1,0
f2-review-monthly_rent-02,f2-sell-request-safe-0017,sell-safe-blueprint-0017,8e86164fbf6c9dea99248dede4e6ae18f1e03bec79bbfdfa2ab44a92df29edc3,f2_sllm_blueprint,매도의뢰,2.592392,monthly_rent,0.731393,40,2,1,0,1,1
f2-review-monthly_rent-03,f2-sell-request-safe-0034,sell-safe-blueprint-0034,499bf14481bb0547ca785eacd99430ccec40876ce3c4647c2eeec7cf13f924ed,f2_sllm_blueprint,매도의뢰,2.5881,monthly_rent,0.769786,23,2,1,0,1,1
f2-review-monthly_rent-04,f2-sell-request-safe-0003,sell-safe-blueprint-0003,3499a9a33b7ee9556692dae0a73d043bab6a733c5811c7760ca5fb94bf36e2f9,f2_sllm_blueprint,매도의뢰,2.296998,monthly_rent,0.695589,23,2,1,0,1,0
f2-review-monthly_rent-05,f2-sell-request-safe-0030,sell-safe-blueprint-0030,6cae8590360b877f119a54080c1b30954be7dd5dee1ea393a6025c6aeca1b7b3,f2_sllm_blueprint,매도의뢰,2.222927,monthly_rent,0.780058,27,2,1,0,1,0
f2-review-monthly_rent-06,f2-sell-request-safe-0038,sell-safe-blueprint-0038,e719769f9d067eae702e09d22a8549034a3a566e144a7d98e331d8fa760d9d07,f2_sllm_blueprint,매도의뢰,2.191946,monthly_rent,0.630702,28,2,1,0,1,0
f2-review-monthly_rent-07,f2-sell-request-safe-0022,sell-safe-blueprint-0022,cca16d30988a6228f1bd7cb20e9186d963347daae7ded9493d464bb42b466152,f2_sllm_blueprint,매도의뢰,2.71273,monthly_rent,0.655638,27,2,1,0,1,1
f2-review-monthly_rent-08,f2-sell-request-safe-0014,sell-safe-blueprint-0014,1a3d2b4262c82ed9824edee9e2aadba6da779279384f0a901640971cc45f14a0,f2_sllm_blueprint,매도의뢰,2.63173,monthly_rent,0.72997,23,2,1,0,1,1
f2-review-monthly_rent-09,f2-sell-request-safe-0026,sell-safe-blueprint-0026,e16107d93a2b1bea092915dedcdb3fbcd20712388f5c6195419bc01995eeeb13,f2_sllm_blueprint,매도의뢰,2.525304,monthly_rent,0.690092,29,2,1,0,1,0
f2-review-monthly_rent-10,f2-sell-request-safe-0006,sell-safe-blueprint-0006,13061f3ddeb85d2e8dfc4d713a48fdf8cb6ff5cd089cde845032fa6ccc06d1ee,f2_sllm_blueprint,매도의뢰,2.214146,monthly_rent,0.763791,29,2,1,0,1,0
f2-review-monthly_rent-11,f2-sell-request-safe-0048,sell-safe-blueprint-0048,3418035d60f85f2fb78f8b1373883f7c768ce057ed2a4c1383d077a44f2b96bd,f2_sllm_blueprint,매도의뢰,2.114377,monthly_rent,0.751974,22,2,1,0,1,0
f2-review-monthly_rent-12,f2-sell-request-safe-0025,sell-safe-blueprint-0025,84197da03f3c56e4bb5c989fd1ab451d68372fe9166646ff3d93abcc5776a7eb,f2_sllm_blueprint,매도의뢰,1.677219,monthly_rent,0.794586,35,1,0,0,0,0
f2-review-monthly_rent-13,f2-sell-request-safe-0023,sell-safe-blueprint-0023,496e1f45613e9a8974f370e351862875ce5147f96816aad3add3e68e68613934,f2_sllm_blueprint,매도의뢰,3.877858,monthly_rent,0.596291,41,1,1,0,0,1
f2-review-monthly_rent-14,f2-co-brokerage-safe-0011,co-brokerage-safe-blueprint-0011,f1ad4e68e713fdb527be9c94169e84bcb00228cd1737a0564d1c70f84aa4d7db,f2_sllm_blueprint,공동중개,4.360089,monthly_rent,0.647142,45,1,1,0,0,1
f2-review-monthly_rent-15,f2-general-inquiry-safe-0034,general-inquiry-safe-blueprint-0034,a3352f2bf874ebfd1c009095b8ddde3da97e2dcd24d00be139bcc3d1105066ac,f2_sllm_blueprint,단순문의,2.598981,monthly_rent,0.853652,46,1,0,0,0,1
f2-review-monthly_deposit-01,f2-general-inquiry-safe-0018,general-inquiry-safe-blueprint-0018,e6e3bd071e3bc9394ca7a56a6a62034938cb8f4d49208ee48b5e0627a72aeb27,f2_sllm_blueprint,단순문의,4.592376,monthly_deposit,0.686577,46,2,1,0,0,1
f2-review-monthly_deposit-02,f2-general-inquiry-safe-0005,general-inquiry-safe-blueprint-0005,86847a6a1a1a0692c7a44df501bfd55148878556e3bfc7828dd71a47d43c62b2,f2_sllm_blueprint,단순문의,4.75136,monthly_deposit,0.610369,46,2,1,0,0,1
f2-review-monthly_deposit-03,f2-general-inquiry-safe-0047,general-inquiry-safe-blueprint-0047,bc0fbd3fe04838395683fcf98e00d355771e0a2b6a097e9f30c2612af4c6bed4,f2_sllm_blueprint,단순문의,4.449737,monthly_deposit,0.521887,46,2,1,0,0,1
f2-review-monthly_deposit-04,f2-general-inquiry-safe-0021,general-inquiry-safe-blueprint-0021,10fe9d603fc3e00ee43ab379f02c1c1bde048acc8369c2a8979d0b33d80553d1,f2_sllm_blueprint,단순문의,4.556142,monthly_deposit,0.547411,46,2,1,0,0,1
f2-review-monthly_deposit-05,f2-co-brokerage-safe-0037,co-brokerage-safe-blueprint-0037,9697dc014e8935871a316eb94548cd5c655183a7efdbabd9a1effc4fbcd55972,f2_sllm_blueprint,공동중개,4.347114,monthly_deposit,0.667984,45,2,1,0,0,0
f2-review-monthly_deposit-06,f2-co-brokerage-safe-0050,co-brokerage-safe-blueprint-0050,1dd489667b9db18f3f9aff64bb6a14d733be974b538230d6f9f673cfc24d32f9,f2_sllm_blueprint,공동중개,5.227673,monthly_deposit,0.613529,45,2,1,0,0,1
f2-review-monthly_deposit-07,f2-co-brokerage-safe-0008,co-brokerage-safe-blueprint-0008,cf9cebca60da7e61f33942b21463cf3d792e52692a06e127a28ffff692bee4b7,f2_sllm_blueprint,공동중개,5.028007,monthly_deposit,0.615062,45,2,1,0,0,1
f2-review-monthly_deposit-08,f2-co-brokerage-safe-0044,co-brokerage-safe-blueprint-0044,77749ef29efe4dddf754711c986201bb0b57263d14f4bc0bab1dccc2ce6e18e2,f2_sllm_blueprint,공동중개,2.568803,monthly_deposit,0.754647,58,1,0,0,0,0
f2-review-monthly_deposit-09,f2-buy-request-safe-0008,buy-safe-blueprint-0008,aabc4ed23ace1c4b260e5b5a17a0e05d6dc200496a36657f01e2c5a81a69af18,f2_sllm_blueprint,매수문의,4.954342,monthly_deposit,0.513498,32,1,1,1,0,1
f2-review-monthly_deposit-10,f2-buy-request-safe-0003,buy-safe-blueprint-0003,550043ae447b56b1802f42211b902cd2e2876a22a5a967566f895b9909dae91e,f2_sllm_blueprint,매수문의,1.037795,monthly_deposit,0.878822,67,1,0,0,0,0
f2-review-monthly_deposit-11,f2-v03-000462,f2-v03-group-000462,9676e3640fbb7143414752e0dea5d8f06e738232ca14b8d339217ec7368fa903,f2_sllm_naturalistic,매수문의,1.782388,monthly_deposit,0.85041,43,1,0,0,0,0
f2-review-monthly_deposit-12,f2-v03-000341,f2-v03-group-000341,f9287b98d56728fd11982d1e6b16c62aa3f92528ad98b76abe87baab5891c24f,f2_sllm_naturalistic,매수문의,3.117061,monthly_deposit,0.63841,43,1,1,0,0,0
f2-review-monthly_deposit-13,f2-v03-000271,f2-v03-group-000271,cd9d6c5e4712838d08334839ca436490aac34b4472d7ec83d5cd72bae603ad66,f2_sllm_naturalistic,매수문의,1.564579,monthly_deposit,0.825049,40,1,0,0,0,0
f2-review-monthly_deposit-14,f2-v03-000447,f2-v03-group-000447,73fcf6461c986b45c9d0e678be026fa380f7d9b2a2c36a9779702607de983a3c,f2_sllm_naturalistic,매수문의,1.735074,monthly_deposit,0.836287,40,1,0,0,0,0
f2-review-monthly_deposit-15,f2-v03-000496,f2-v03-group-000496,9c46c208a58a4805a08441a13d9753d5e00861ba7f2c9d0b85d038093e2e938c,f2_sllm_naturalistic,매수문의,1.451976,monthly_deposit,0.932125,40,1,0,0,0,0
f2-review-expiry_date-01,f2-buy-request-safe-0007,buy-safe-blueprint-0007,f69164069dab8fb1ee02b062a96ba7b78659d64e8004bc9fbf123ffe2d49eb7d,f2_sllm_blueprint,매수문의,1.966036,expiry_date,0.748355,30,1,0,0,0,0
f2-review-expiry_date-02,f2-v03-000199,f2-v03-group-000199,1f2b7d1f49392daeb37e35c6cf065639ab30c3b2d8dee886b41e9180ceabb90f,f2_sllm_naturalistic,매도의뢰,2.204916,expiry_date,0.8354,35,1,0,0,0,1
f2-review-expiry_date-03,f2-v03-000488,f2-v03-group-000488,6fe1a724755f4066c26b64784e042cfd485721168158201cc22533280378bfef,f2_sllm_naturalistic,매수문의,1.767989,expiry_date,0.878458,37,1,0,0,0,0
f2-review-expiry_date-04,f2-v03-000121,f2-v03-group-000121,2b878365c7cf8817601c68f42d0854997303ced82dc2f821f07179ef8719d39f,f2_sllm_naturalistic,매도의뢰,1.139071,expiry_date,0.922431,35,1,0,0,0,0
f2-review-expiry_date-05,f2-v03-000343,f2-v03-group-000343,abaf730355824bb3b92ae637a49895edf97e1446d10aec08b5570a0dc2fc5446,f2_sllm_naturalistic,매수문의,1.525264,expiry_date,0.775217,37,1,0,0,0,0
f2-review-expiry_date-06,f2-v03-000205,f2-v03-group-000205,a9a88974c0eecf0fe672b4c0ae0bd9351fb09c88781cda74a3bd68852855e4bc,f2_sllm_naturalistic,매도의뢰,1.332733,expiry_date,0.792713,35,1,0,0,0,0
f2-review-expiry_date-07,f2-v03-000335,f2-v03-group-000335,93b175954398599a290efb60dfb5b28233747e29500164726c026346ad3d3539,f2_sllm_naturalistic,매수문의,3.373301,expiry_date,0.724461,35,1,1,0,0,1
f2-review-expiry_date-08,f2-v03-000334,f2-v03-group-000334,ca2116fa709234116aa33967831efe419ca6343da696c615492f9a69eb5217e3,f2_sllm_naturalistic,매수문의,3.39046,expiry_date,0.577044,35,1,1,0,0,1
f2-review-expiry_date-09,f2-v03-000355,f2-v03-group-000355,9fd47f8846813f2d5e12c95aef9a6e449a831a64083720f518af2d5ceda326f2,f2_sllm_naturalistic,매수문의,2.009452,expiry_date,0.841946,37,1,0,0,0,0
f2-review-expiry_date-10,f2-v03-000009,f2-v03-group-000009,fa6e3a94351d2a477f2b5fd7b41662c5726d36f0de3baf5525a03445620dc3b9,f2_sllm_naturalistic,매도의뢰,2.50031,expiry_date,0.959771,35,1,0,0,0,1
f2-review-expiry_date-11,f2-buy-request-safe-0029,buy-safe-blueprint-0029,39bb2a5b3f8eb8d678556fed2dea315f29a3449eb74517ae9d145736e2385dcf,f2_sllm_blueprint,매수문의,3.135644,expiry_date,0.709009,49,1,1,0,0,1
f2-review-expiry_date-12,f2-v03-000456,f2-v03-group-000456,dad6af3a0e23f2eb75d3d09b74917f55c207c4f45682f877cd5513e60f83f396,f2_sllm_naturalistic,매수문의,2.152185,expiry_date,0.670757,35,1,0,0,0,1
f2-review-expiry_date-13,f2-v03-000439,f2-v03-group-000439,c5fa69788648a55c2f9e24cadc87753a928a474e73dae2312e521ddc54755f1e,f2_sllm_naturalistic,매수문의,1.728437,expiry_date,0.763094,37,1,0,0,0,0
f2-review-expiry_date-14,f2-v03-000403,f2-v03-group-000403,3ddc38333ad21a4f1502776e06f9bf487e7c9c83ba7eb59f9896c92e3fcfa3cf,f2_sllm_naturalistic,매수문의,1.796417,expiry_date,0.777153,37,1,0,0,0,0
f2-review-expiry_date-15,f2-v03-000313,f2-v03-group-000313,1c0f337d552aec2fa65679faf33a0b384f8100dbd9fdc427d68c1425835ef4e5,f2_sllm_naturalistic,매수문의,3.44573,expiry_date,0.754619,35,1,1,0,0,1
f2-review-building_number-01,f2-sell-request-safe-0043,sell-safe-blueprint-0043,1607f7b37c93e0b7e5475c0901a0f9e65ef0d291604974ea60d4ed35a5bc8210,f2_sllm_blueprint,매도의뢰,1.41973,building_number,0.808896,19,1,0,0,0,0
f2-review-building_number-02,f2-v03-000673,f2-v03-group-000673,b92c44955cfa38a3d7e22ce5fac062fe84ce995b82132102e79f7d4f2591aacc,f2_sllm_naturalistic,공동중개,4.784248,building_number,0.522772,40,2,1,0,0,1
f2-review-building_number-03,f2-v03-000503,f2-v03-group-000503,821cc73b682020609d13afafbdfcf1997efd4642f96b58fa9b792b70fcba9dcf,f2_sllm_naturalistic,공동중개,5.346305,building_number,0.636235,23,2,1,0,0,1
f2-review-building_number-04,f2-co-brokerage-safe-0027,co-brokerage-safe-blueprint-0027,c6baeef5cdaf9195d4df205690b039fe65a8f9602e01077ba3ad56b6783e4d73,f2_sllm_blueprint,공동중개,3.91572,building_number,0.689119,72,3,1,0,1,0
f2-review-building_number-05,f2-sell-request-safe-0007,sell-safe-blueprint-0007,abd89264cd97cafe6cb2d5834c78abdfb3c63488190289b60aef474764d3fcfa,f2_sllm_blueprint,매도의뢰,2.495171,building_number,0.645049,50,3,1,0,1,0
f2-review-building_number-06,f2-sell-request-safe-0031,sell-safe-blueprint-0031,cbdd2fde26645c8bff0b484215ee5c43244c17b7c65738ec459119572a194757,f2_sllm_blueprint,매도의뢰,2.721287,building_number,0.612442,31,3,1,0,1,0
f2-review-building_number-07,f2-v03-000129,f2-v03-group-000129,6f3eacf8faf88a3649d5941f76b1cd4a9ad38b289306f67f103fed5605003a90,f2_sllm_naturalistic,매도의뢰,3.814529,building_number,0.748993,36,3,1,0,0,0
f2-review-building_number-08,f2-v03-000640,f2-v03-group-000640,fe4332766522de4fe914fe431efdbdc485326f0eba154579e8ad6f94141d7d04,f2_sllm_naturalistic,공동중개,4.286587,building_number,0.698694,41,2,1,0,0,0
f2-review-building_number-09,f2-v03-000698,f2-v03-group-000698,9167b91621fb009a16dad6720bc9e523dac9458634c475b444a7962b8d478ebc,f2_sllm_naturalistic,공동중개,3.914313,building_number,0.78521,40,1,0,1,0,0
f2-review-building_number-10,f2-v03-000528,f2-v03-group-000528,e24884b01f6ec212472718a7905e562c8e8473a74fa0f568637f44dbe8587e52,f2_sllm_naturalistic,공동중개,4.727662,building_number,0.629035,17,2,1,0,0,1
f2-review-building_number-11,f2-v03-000206,f2-v03-group-000206,82ea1ca86cf56b1e9fbf30fbe392614eed88fed9fbf003200d1325c49ffa5d67,f2_sllm_naturalistic,매도의뢰,6.047796,building_number,0.454165,35,3,1,1,0,1
f2-review-building_number-12,f2-v03-000690,f2-v03-group-000690,d616717f13ae278cf2639a92414dffbf29555d60635ce86641132fdb0a74f88c,f2_sllm_naturalistic,공동중개,4.354736,building_number,0.608151,41,2,1,0,0,1
f2-review-building_number-13,f2-v03-000657,f2-v03-group-000657,6e34e613be872d9fd341d3b68e7301d93678763a90258673c3d13c8be834fa6c,f2_sllm_naturalistic,공동중개,4.959317,building_number,0.550544,41,2,1,0,0,1
f2-review-building_number-14,f2-v03-000532,f2-v03-group-000532,e6c3fc4a41dceaf70eda21bfa18d90c2a943fb4aac429e8edf942a472539c2b6,f2_sllm_naturalistic,공동중개,4.124924,building_number,0.790536,37,1,1,0,0,0
f2-review-building_number-15,f2-v03-000549,f2-v03-group-000549,e6c6605976c1ef0afb564fbfe92565782a59015d78a57abc4efd3e7894c5c291,f2_sllm_naturalistic,공동중개,4.836649,building_number,0.631695,25,2,1,0,0,1
f2-review-unit_number-01,f2-sell-request-safe-0019,sell-safe-blueprint-0019,b6825cacc39138da86a30fa5b4bb2f3ce8ddcd45acfc88a40ce3795c9a38e246,f2_sllm_blueprint,매도의뢰,0.096784,unit_number,0.99,50,1,0,0,1,0
f2-review-unit_number-02,f2-sell-request-safe-0015,sell-safe-blueprint-0015,d86cd8f25a6b017e5a70f3bd2f1c14b1fdaf144bc12d1001378c341f7b46f26e,f2_sllm_blueprint,매도의뢰,0.644731,unit_number,0.871235,39,1,0,0,1,0
f2-review-unit_number-03,f2-sell-request-safe-0020,sell-safe-blueprint-0020,0cce2ed03a6d619c1dcfa7971016846d880ef865998b6d405250e7564c0c4a26,f2_sllm_blueprint,매도의뢰,0.677489,unit_number,0.930013,49,1,0,0,1,0
f2-review-unit_number-04,f2-sell-request-safe-0027,sell-safe-blueprint-0027,012894cce0d977c1cd0a4aacc7be000df8d60963a268da3dcef12c7c6c4da493,f2_sllm_blueprint,매도의뢰,-0.254217,unit_number,0.912826,40,1,0,0,1,0
f2-review-unit_number-05,f2-buy-request-safe-0043,buy-safe-blueprint-0043,013ccb0ce4d6a592319de24df2a16721ec0a626e3a69dc2ef9386ee0f524e9eb,f2_sllm_blueprint,매수문의,2.529367,unit_number,0.724229,39,1,0,0,0,1
f2-review-unit_number-06,f2-co-brokerage-safe-0040,co-brokerage-safe-blueprint-0040,6f2b03e71511b6822585ab0c4bd55c77e0ea355af203998e82a15d1418bd9d7f,f2_sllm_blueprint,공동중개,0.707168,unit_number,0.99,72,1,0,0,1,1
f2-review-unit_number-07,f2-co-brokerage-safe-0014,co-brokerage-safe-blueprint-0014,18ed27b26d8b7cf92b35a80a74e61cf9fcd59a04d8a1241eeadcb1c43b5c43f1,f2_sllm_blueprint,공동중개,1.515152,unit_number,0.873177,72,1,0,0,1,1
f2-review-unit_number-08,f2-sell-request-safe-0001,sell-safe-blueprint-0001,4d609e4b0aaf59d114dd74b1b384fa92967902ee1be1431658bbfe9dd4920f11,f2_sllm_blueprint,매도의뢰,0.041832,unit_number,0.822507,55,1,0,0,1,0
f2-review-unit_number-09,f2-sell-request-safe-0045,sell-safe-blueprint-0045,abb98004e143e9da6573e8ea98d5a76a234f7348635aa62eae9285bfd24ae1b6,f2_sllm_blueprint,매도의뢰,-0.028178,unit_number,0.945033,33,1,0,0,1,0
f2-review-unit_number-10,f2-buy-request-safe-0030,buy-safe-blueprint-0030,dcda2f3e52c7ea6f73d95321552703dd6ef8d7eb9326c3362ef5a7b51d18515a,f2_sllm_blueprint,매수문의,3.483512,unit_number,0.679641,43,1,1,0,0,1
f2-review-unit_number-11,f2-sell-request-safe-0039,sell-safe-blueprint-0039,e6b3747bb6d6dbcd2f1117a8ec2177feae2fc1e24fb21c757783a998ea6445d8,f2_sllm_blueprint,매도의뢰,0.645358,unit_number,0.92363,40,1,0,0,1,0
f2-review-unit_number-12,f2-sell-request-safe-0008,sell-safe-blueprint-0008,f090cf72b9a82bf9a0db8c198b36a417443a7c66f941920ed62197095d52d446,f2_sllm_blueprint,매도의뢰,2.192697,unit_number,0.766341,39,1,1,0,1,1
f2-review-unit_number-13,f2-sell-request-safe-0049,sell-safe-blueprint-0049,20f7c0b99579a2568ca1c06b6cf25c41a028c1471d672dca8563b3876ea0ad3d,f2_sllm_blueprint,매도의뢰,0.469973,unit_number,0.756488,39,1,0,0,1,0
f2-review-unit_number-14,f2-v03-000495,f2-v03-group-000495,6d77e6bcb718a4671b96b0390d1903b697f49cadb6ac6d85e786522e7fecb01c,f2_sllm_naturalistic,매수문의,2.851468,unit_number,0.660974,36,1,0,1,0,1
f2-review-unit_number-15,f2-v03-000373,f2-v03-group-000373,dae56fdc858d897e2e18c5989bf2ea808d1db9b1e9a276fd6f352587b3bf8cfb,f2_sllm_naturalistic,매수문의,4.945998,unit_number,0.518529,36,1,1,1,0,1
f2-review-pyeong-01,f2-buy-request-safe-0034,buy-safe-blueprint-0034,260b8f3181f3b3901b70599226b26fb0a9515786870482bc85eed2a2d9479b40,f2_sllm_blueprint,매수문의,1.167536,pyeong,0.884113,55,1,0,0,0,0
f2-review-pyeong-02,f2-v03-000697,f2-v03-group-000697,56a0ad464d93a32c4fefb77d0ecf2eec754a7f61d4377a21be40a7db0a8d8f48,f2_sllm_naturalistic,공동중개,2.336252,pyeong,0.822144,48,1,0,0,0,0
f2-review-pyeong-03,f2-buy-request-safe-0035,buy-safe-blueprint-0035,353c8ec994de0a587d789a5e593f87df49b8e6b923f25db0317f2a689277501d,f2_sllm_blueprint,매수문의,5.336839,pyeong,0.557063,27,1,1,1,0,1
f2-review-pyeong-04,f2-buy-request-safe-0011,buy-safe-blueprint-0011,eb28d8c33c479d669ca1e38d43deab5916a2aacab2c14ad1f37115580bc1c81b,f2_sllm_blueprint,매수문의,4.362753,pyeong,0.677668,41,2,1,0,0,1
f2-review-pyeong-05,f2-v03-000138,f2-v03-group-000138,b027aff89316ec4d24494275543df30bff3349f8225121a17b16ed9a35dde942,f2_sllm_naturalistic,매도의뢰,1.538051,pyeong,0.809185,34,1,0,0,0,0
f2-review-pyeong-06,f2-co-brokerage-safe-0019,co-brokerage-safe-blueprint-0019,e5c9fa0a5b525321b57204cd7c06cc1ccdf55aee9a4ff2c80d063d48e7fe8293,f2_sllm_blueprint,공동중개,4.836214,pyeong,0.62433,54,2,1,0,0,1
f2-review-pyeong-07,f2-co-brokerage-safe-0006,co-brokerage-safe-blueprint-0006,67d7e99937cb6007bb9ba308bb0c8490d49984ee7b275c9954af392bcdd5ab85,f2_sllm_blueprint,공동중개,4.315744,pyeong,0.65236,54,2,1,0,0,1
f2-review-pyeong-08,f2-v03-000493,f2-v03-group-000493,7be743e295bee3d6bbb855f62579acafb361d78322ff0ec4dc61691625716e47,f2_sllm_naturalistic,매수문의,1.827211,pyeong,0.826334,51,1,0,0,0,0
f2-review-pyeong-09,f2-co-brokerage-safe-0035,co-brokerage-safe-blueprint-0035,a7ec981977e102833d445fc37ab80653351b897b957b7a9a2f8482abf24a0cc8,f2_sllm_blueprint,공동중개,5.024449,pyeong,0.816223,54,2,1,0,0,1
f2-review-pyeong-10,f2-sell-request-safe-0012,sell-safe-blueprint-0012,4e484077fa453ed91c3fcb196a70ced6f32901597d61291cb825f1e652aa8abc,f2_sllm_blueprint,매도의뢰,3.98887,pyeong,0.580273,38,2,1,0,0,0
f2-review-pyeong-11,f2-co-brokerage-safe-0048,co-brokerage-safe-blueprint-0048,b88bdc272cfa630f5f4e7ecc2e386d27472d42fef9e54f865d6dda0e664e9867,f2_sllm_blueprint,공동중개,4.718134,pyeong,0.537559,54,2,1,0,0,1
f2-review-pyeong-12,f2-buy-request-safe-0046,buy-safe-blueprint-0046,fdaba4b63004227d9fdabdb04d22182b6a14a436b1de716aed2d8b3a17bb0014,f2_sllm_blueprint,매수문의,2.137864,pyeong,0.842092,51,1,0,0,0,0
f2-review-pyeong-13,f2-co-brokerage-safe-0022,co-brokerage-safe-blueprint-0022,552ffcd38b7f433bfae96faac39f86d544be4fc1e310264fe50916b8187f36a1,f2_sllm_blueprint,공동중개,4.59312,pyeong,0.588964,54,2,1,0,0,1
f2-review-pyeong-14,f2-v03-000198,f2-v03-group-000198,e3c1068b90a4141d52585933b554aed15b2514f07b89d70da1b13cf2ec9569c5,f2_sllm_naturalistic,매도의뢰,2.003687,pyeong,0.66969,48,1,0,0,0,0
f2-review-pyeong-15,f2-v03-000243,f2-v03-group-000243,37ad4320c9af605de8e5c535ea71ce247c8f8527fd2dc8ba747b686037f2708f,f2_sllm_naturalistic,매도의뢰,1.723434,pyeong,0.745631,49,1,0,0,0,0
f2-review-deal_type-01,f2-buy-request-safe-0033,buy-safe-blueprint-0033,d953d1780463288e91db84d3ff99c571ffaf2eda0db1f549ce8ff023946ef4b1,f2_sllm_blueprint,매수문의,2.499769,deal_type,0.65862,41,2,1,0,1,0
f2-review-deal_type-02,f2-buy-request-safe-0037,buy-safe-blueprint-0037,47a360ff24dcb815a6d6f2a02c4c346df09e8335fe8de6509d97eefdb5bffb53,f2_sllm_blueprint,매수문의,2.572616,deal_type,0.556959,20,3,1,0,1,0
f2-review-deal_type-03,f2-buy-request-safe-0022,buy-safe-blueprint-0022,61b48910f760c79afe49cf75e721733ed841e34ab1c4eb061b09b79227735931,f2_sllm_blueprint,매수문의,1.661308,deal_type,0.869047,17,2,1,0,1,0
f2-review-deal_type-04,f2-v03-000939,f2-v03-group-000939,6688fcd7f4590bdd28110a7b25c93346490967885fcb95ae9ea7feee8032f30d,f2_sllm_naturalistic,단순문의,5.78647,deal_type,0.503225,21,3,1,1,1,1
f2-review-deal_type-05,f2-sell-request-safe-0033,sell-safe-blueprint-0033,fa5a8ee43a373f0c0e57bd241c21dd3d29e83f0f01820cc4774bd80f4241ff49,f2_sllm_blueprint,매도의뢰,1.593242,deal_type,0.923355,20,2,1,0,1,0
f2-review-deal_type-06,f2-buy-request-safe-0031,buy-safe-blueprint-0031,873a2447baa3e34c852d8f8ce8a498978e0064c5b5afea7f53f8b5d520fd70cc,f2_sllm_blueprint,매수문의,3.011099,deal_type,0.654223,32,3,1,0,1,1
f2-review-deal_type-07,f2-v03-000181,f2-v03-group-000181,a340f9ce83bced48fbf30c72207719a0c26fcd9a2504d9354d181c112f8216fb,f2_sllm_naturalistic,매도의뢰,2.792582,deal_type,0.781009,26,1,1,1,1,0
f2-review-deal_type-08,f2-v03-000900,f2-v03-group-000900,2a7c9650424d5ba2dc8c0afe3d77537596971df686ff890e3d23980a2486d3c1,f2_sllm_naturalistic,단순문의,4.866407,deal_type,0.602831,21,2,1,1,1,1
f2-review-deal_type-09,f2-v03-000221,f2-v03-group-000221,a2ad8a713e20026855a866c3581878aa25aa9d7c63ce2b6801d082bb365bab8d,f2_sllm_naturalistic,매도의뢰,3.187478,deal_type,0.690434,26,1,1,1,1,1
f2-review-deal_type-10,f2-v03-000381,f2-v03-group-000381,1cd8b5c3cbbf9ec0b7243c8aca730bc648b15b7cc76e0831bc3b1769255099e0,f2_sllm_naturalistic,매수문의,1.947522,deal_type,0.710632,37,2,1,0,1,0
f2-review-deal_type-11,f2-v03-000253,f2-v03-group-000253,de4ab20cefbc6fac6543f82313bf7c3c7adacd4711a0bedeeb8229b5a3b6049f,f2_sllm_naturalistic,매수문의,2.350109,deal_type,0.703328,37,2,1,0,1,0
f2-review-deal_type-12,f2-buy-request-safe-0036,buy-safe-blueprint-0036,e7f9deb4ca3c1848105c5dae8a743af23cbefd5dfb42e9d75ff2fc86d53f0ad1,f2_sllm_blueprint,매수문의,1.753132,deal_type,0.776252,28,1,1,0,1,0
f2-review-deal_type-13,f2-v03-000087,f2-v03-group-000087,5f4a31d550dd74df92efdfdd7e3f0884e5d556fa5b97e593e5f9d63ddda9f9c3,f2_sllm_naturalistic,매도의뢰,3.668435,deal_type,0.693008,26,1,1,1,1,1
f2-review-deal_type-14,f2-v03-000209,f2-v03-group-000209,b4f79c6f30d722076add6c1a075cc3ef34bc5e47e74dc8fb7a43af44029cdb5d,f2_sllm_naturalistic,매도의뢰,3.481355,deal_type,0.67088,26,1,1,1,1,1
f2-review-deal_type-15,f2-v03-000193,f2-v03-group-000193,4cc66279a5145909a8940a9d5793827e9b26db15022d3a1f4d33561bf94564b4,f2_sllm_naturalistic,매도의뢰,3.372588,deal_type,0.663721,26,1,1,1,1,1
f2-review-handover_condition-01,f2-v03-000039,f2-v03-group-000039,9130b2692adc4a735c5d9ec68383d0c25ee0ad45ba66bab1450216ee1954b44d,f2_sllm_naturalistic,매도의뢰,2.621791,handover_condition,0.669491,27,2,1,0,1,1
f2-review-handover_condition-02,f2-v03-000261,f2-v03-group-000261,bad3b620cce2188cdc3790767301733e5915c33789dbdd2f06db70a66f8a7c27,f2_sllm_naturalistic,매수문의,3.586229,handover_condition,0.67319,27,3,1,0,1,1
f2-review-handover_condition-03,f2-v03-000055,f2-v03-group-000055,4f55a73ad6d9e535524e36a65ecdbe3540955a40f4d1d7364a0bf25859426490,f2_sllm_naturalistic,매도의뢰,1.894777,handover_condition,0.870135,34,1,1,0,1,0
f2-review-handover_condition-04,f2-v03-000652,f2-v03-group-000652,1683423e3ae9e7211d0f31460af8e99514b394e05669541b3fc96c428da8c34e,f2_sllm_naturalistic,공동중개,0.667484,handover_condition,0.846586,27,1,0,0,1,0
f2-review-handover_condition-05,f2-v03-000143,f2-v03-group-000143,08a338ca30d8a15515f0be5380e1729058aceab3242b59da0ee2248ccb022b62,f2_sllm_naturalistic,매도의뢰,2.335202,handover_condition,0.80338,27,2,1,0,1,1
f2-review-handover_condition-06,f2-v03-000678,f2-v03-group-000678,67ec503a53de40159a1752797486efc0292a3df1d3c24f6a4d12d1a724bdf249,f2_sllm_naturalistic,공동중개,2.482175,handover_condition,0.75361,27,2,1,0,1,1
f2-review-handover_condition-07,f2-v03-000339,f2-v03-group-000339,9171b73ff92b60716247c59ce6f60f73922ac2546f1dbc7f30acb337b62225ed,f2_sllm_naturalistic,매수문의,2.439206,handover_condition,0.784921,27,2,1,0,1,1
f2-review-handover_condition-08,f2-v03-000991,f2-v03-group-000991,2cdf6f61460053874e61fb2c866b08f09e2ac78245ae7c359b3ae90a7a4758f9,f2_sllm_naturalistic,단순문의,0.940427,handover_condition,0.82227,27,1,0,0,1,0
f2-review-handover_condition-09,f2-v03-000417,f2-v03-group-000417,3c4264d8caaf617bde0715011f252ab66ab1454ed53499b14c12d09c4b2a597b,f2_sllm_naturalistic,매수문의,1.961443,handover_condition,0.77846,27,1,1,0,1,0
f2-review-handover_condition-10,f2-v03-000329,f2-v03-group-000329,456baccb70cd6e13bdd82812d1e45a59bbecf3bb7553528510bc7c294543b700,f2_sllm_naturalistic,매수문의,2.844683,handover_condition,0.659548,38,3,1,0,1,1
f2-review-handover_condition-11,f2-v03-000070,f2-v03-group-000070,0294e070b521e5bb251515eb45865b37f0d1ce32f5db3588aa5eeee254bf9905,f2_sllm_naturalistic,매도의뢰,0.288674,handover_condition,0.882362,36,1,0,0,1,0
f2-review-handover_condition-12,f2-buy-request-safe-0015,buy-safe-blueprint-0015,d935b8c18839d38458964a3b67342ae4da27e8396c9db63e77cd09071d3c8650,f2_sllm_blueprint,매수문의,1.305661,handover_condition,0.823004,38,2,1,0,1,0
f2-review-handover_condition-13,f2-v03-000117,f2-v03-group-000117,3eb60ea070b2801199366c3dd35efca506c50d730031eddbab25c7af821a4086,f2_sllm_naturalistic,매도의뢰,2.504938,handover_condition,0.70342,34,2,1,0,1,1
f2-review-handover_condition-14,f2-v03-000330,f2-v03-group-000330,83e274c8b64cfa2c3252ac64f9bc8d920749f68c7144cfa2249aa371a9fea33e,f2_sllm_naturalistic,매수문의,2.238391,handover_condition,0.74072,37,2,1,0,1,0
f2-review-handover_condition-15,f2-v03-000419,f2-v03-group-000419,dfc3cfa1f91f0385ae99ea28c724be470721c8a188495eecaea5c5dfb5ecaf32,f2_sllm_naturalistic,매수문의,0.560739,handover_condition,0.777029,35,1,0,0,1,0
